order_id,customer_id,product_id,total_amount,order_status,order_date
1,136,39,434.68,Completed,2023-08-30
2,139,49,735.33,Completed,2023-05-22
3,183,20,411.01,Processing,2024-01-25
4,167,24,449.34,Processing,2024-09-18
5,116,8,262.95,Completed,2022-11-17
6,87,2,596.54,Completed,2024-03-24
7,151,15,27.05,Processing,2023-11-11
8,162,4,244.36,Completed,2024-09-06
9,85,5,523.87,Cancelled,2023-01-24
10,172,32,229.95,Completed,2023-10-01
11,186,37,584.69,Completed,2024-07-11
12,122,27,206.6,Completed,2024-02-19
13,169,28,367.21,Cancelled,2023-09-21
14,120,47,73.09,Processing,2022-12-15
15,166,7,79.4,Processing,2024-04-19
16,87,7,263.68,Completed,2023-10-29
17,138,29,157.38,Completed,2023-01-01
18,72,30,264.81,Completed,2023-02-22
19,114,36,115.95,Processing,2024-06-01
20,139,1,969.62,Completed,2024-01-03
21,43,27,495.93,Completed,2024-10-03
22,103,4,181.34,Completed,2024-08-30
23,100,17,927.99,Cancelled,2024-03-29
24,74,28,702.66,Processing,2023-12-04
25,143,43,724.04,Completed,2023-01-19
26,49,19,233.35,Completed,2023-08-07
27,149,48,551.35,Processing,2023-08-23
28,81,4,69.14,Cancelled,2023-06-14
29,129,34,174.28,Processing,2023-09-21
30,21,12,87.15,Completed,2022-10-25
31,173,16,415.7,Processing,2023-02-21
32,64,38,602.63,Processing,2023-09-23
33,21,27,664.23,Processing,2024-01-07
34,134,21,936.01,Completed,2024-09-01
35,172,46,327.9,Cancelled,2024-04-11
36,102,9,678.26,Cancelled,2024-08-31
37,118,21,930.44,Completed,2023-03-11
38,3,30,628.74,Processing,2024-08-21
39,26,5,546.88,Processing,2023-09-24
40,68,9,934.59,Completed,2022-12-15
41,63,24,299.29,Cancelled,2023-04-18
42,140,46,316.47,Processing,2023-06-14
43,136,1,674.51,Processing,2024-03-26
44,77,43,121.51,Completed,2024-02-21
45,68,8,891.92,Processing,2024-09-09
46,142,10,286.9,Processing,2024-04-10
47,54,46,356.02,Processing,2024-06-15
48,163,17,515.3,Cancelled,2023-02-10
49,14,6,641.6,Cancelled,2024-04-15
50,12,1,346.89,Completed,2024-04-27
51,164,17,178.35,Cancelled,2023-01-09
52,142,46,439.13,Completed,2022-12-15
53,29,5,946.15,Processing,2023-01-02
54,39,35,55.31,Cancelled,2024-04-06
55,150,36,165.13,Completed,2023-09-20
56,11,20,377.36,Completed,2024-02-10
57,92,14,688.43,Processing,2023-07-14
58,27,23,784.51,Cancelled,2022-12-11
59,159,48,171.46,Completed,2023-11-16
60,42,12,883.79,Completed,2024-04-07
61,46,48,926.0,Cancelled,2023-07-31
62,172,48,814.53,Cancelled,2024-04-22
63,41,45,125.93,Completed,2024-06-11
64,121,15,215.58,Cancelled,2023-11-07
65,90,20,824.13,Completed,2024-01-24
66,58,2,666.83,Cancelled,2023-02-07
67,85,18,867.07,Cancelled,2023-07-27
68,90,42,519.22,Processing,2023-12-07
69,138,22,940.45,Completed,2023-07-28
70,67,12,588.98,Cancelled,2022-11-09
71,10,7,604.64,Cancelled,2024-05-24
72,187,21,447.67,Processing,2023-02-15
73,30,25,901.51,Completed,2024-09-13
74,66,3,714.61,Completed,2023-06-23
75,134,35,693.12,Processing,2023-12-19
76,189,43,213.09,Cancelled,2024-08-12
77,18,43,922.36,Processing,2024-03-01
78,81,43,851.05,Processing,2024-08-06
79,77,33,323.1,Cancelled,2023-01-30
80,84,26,703.26,Processing,2023-02-08
81,33,13,432.04,Cancelled,2024-08-10
82,174,48,904.75,Processing,2023-01-26
83,146,20,417.95,Completed,2023-02-21
84,78,19,225.98,Processing,2024-05-25
85,156,42,335.8,Cancelled,2024-04-11
86,114,44,229.43,Cancelled,2022-11-14
87,189,11,665.67,Cancelled,2023-08-27
88,132,43,640.28,Cancelled,2023-06-02
89,24,49,250.17,Cancelled,2023-06-03
90,58,13,164.41,Completed,2024-04-25
91,63,31,619.05,Completed,2024-05-25
92,117,27,888.41,Processing,2023-09-17
93,50,46,702.43,Cancelled,2023-05-18
94,103,16,164.62,Processing,2024-02-04
95,2,49,863.23,Completed,2023-02-23
96,200,28,234.46,Processing,2023-01-05
97,133,30,69.21,Completed,2024-09-02
98,32,30,150.67,Cancelled,2023-01-16
99,171,34,988.13,Processing,2023-03-12
100,82,49,893.6,Processing,2022-10-08
101,185,33,438.21,Processing,2024-02-01
102,115,11,748.78,Cancelled,2024-05-22
103,116,17,756.74,Processing,2023-04-20
104,71,50,782.12,Cancelled,2022-10-15
105,161,16,289.11,Completed,2023-09-27
106,183,19,249.8,Cancelled,2023-10-27
107,82,35,98.97,Completed,2024-07-31
108,60,25,700.07,Processing,2023-10-28
109,55,5,426.57,Cancelled,2023-12-02
110,139,30,427.46,Completed,2024-06-24
111,108,25,906.74,Processing,2022-10-10
112,179,2,859.6,Processing,2024-01-21
113,98,31,25.78,Cancelled,2024-08-21
114,77,49,402.19,Cancelled,2023-10-24
115,138,48,739.94,Processing,2023-04-08
116,57,32,235.03,Cancelled,2023-03-23
117,125,2,401.08,Processing,2024-01-06
118,174,26,729.7,Cancelled,2024-03-01
119,33,40,543.44,Cancelled,2023-10-10
120,152,37,669.74,Completed,2023-09-23
121,165,28,152.99,Cancelled,2023-08-20
122,47,4,274.95,Cancelled,2023-09-14
123,55,30,340.31,Cancelled,2022-12-06
124,72,49,952.18,Cancelled,2024-01-15
125,65,6,480.9,Processing,2024-01-15
126,139,4,999.91,Cancelled,2022-10-11
127,58,42,87.25,Processing,2023-04-14
128,11,49,50.41,Completed,2024-08-21
129,52,2,628.91,Completed,2023-12-05
130,33,31,676.07,Processing,2023-05-10
131,56,30,705.48,Cancelled,2024-01-30
132,43,39,615.1,Processing,2024-02-06
133,184,8,782.24,Completed,2023-12-13
134,80,7,587.11,Cancelled,2024-07-04
135,148,44,909.87,Cancelled,2024-07-07
136,102,46,214.36,Processing,2023-03-16
137,177,41,257.99,Processing,2022-11-12
138,198,20,853.29,Processing,2023-02-26
139,31,37,786.98,Cancelled,2023-01-29
140,137,28,668.29,Completed,2022-11-17
141,130,42,354.41,Cancelled,2024-02-25
142,126,7,444.85,Cancelled,2023-07-04
143,163,30,713.16,Cancelled,2022-11-03
144,46,47,531.31,Processing,2023-01-26
145,70,40,812.04,Processing,2024-07-30
146,199,31,475.58,Processing,2022-10-31
147,152,18,335.86,Completed,2024-03-07
148,23,18,884.0,Completed,2023-12-29
149,193,30,578.45,Processing,2024-07-17
150,98,22,48.13,Cancelled,2024-01-17
151,47,32,227.88,Cancelled,2023-05-25
152,88,18,882.71,Processing,2023-06-20
153,71,36,29.95,Completed,2024-09-19
154,22,16,725.67,Cancelled,2022-12-13
155,143,49,255.52,Cancelled,2022-11-13
156,166,46,501.0,Completed,2022-12-29
157,24,19,237.16,Processing,2023-08-25
158,63,20,670.68,Cancelled,2023-02-21
159,122,36,540.3,Cancelled,2023-02-08
160,191,36,344.18,Processing,2024-03-11
161,117,18,320.49,Completed,2023-05-14
162,31,47,208.73,Completed,2024-01-23
163,191,35,951.86,Processing,2024-03-02
164,48,13,232.06,Cancelled,2024-03-26
165,71,47,597.8,Processing,2024-04-01
166,153,19,980.9,Completed,2024-01-11
167,76,15,373.66,Cancelled,2023-12-24
168,4,46,543.45,Cancelled,2024-06-08
169,12,4,562.29,Processing,2023-12-16
170,33,41,871.09,Cancelled,2023-02-20
171,27,1,582.58,Cancelled,2023-09-24
172,123,29,353.89,Completed,2024-05-10
173,65,31,131.81,Completed,2023-12-29
174,103,32,92.6,Processing,2023-07-12
175,176,4,168.69,Processing,2024-09-28
176,78,6,994.04,Completed,2022-11-02
177,143,49,427.85,Processing,2022-12-17
178,159,15,780.18,Cancelled,2024-05-24
179,116,29,311.41,Processing,2023-05-26
180,110,20,577.26,Completed,2023-06-13
181,157,48,117.25,Completed,2023-07-19
182,161,14,279.35,Completed,2024-09-02
183,41,16,190.34,Completed,2023-07-27
184,41,1,420.35,Processing,2024-07-04
185,153,31,305.43,Completed,2022-11-27
186,74,46,297.06,Cancelled,2024-05-17
187,19,44,248.76,Cancelled,2023-09-02
188,161,38,667.96,Completed,2024-07-22
189,109,8,553.67,Processing,2023-12-07
190,39,18,830.1,Completed,2022-11-25
191,16,11,796.78,Processing,2023-05-21
192,192,37,922.77,Cancelled,2023-10-06
193,32,30,694.9,Processing,2023-01-18
194,104,18,510.46,Cancelled,2023-01-08
195,113,6,606.08,Cancelled,2024-03-28
196,189,21,611.64,Completed,2024-08-03
197,24,15,962.67,Processing,2023-05-07
198,151,2,999.58,Processing,2023-06-18
199,69,37,59.43,Completed,2023-11-19
200,121,34,658.48,Cancelled,2023-08-23
201,47,38,447.17,Cancelled,2023-11-17
202,24,31,361.0,Cancelled,2023-03-17
203,83,43,122.51,Completed,2024-03-29
204,85,27,699.8,Cancelled,2023-03-17
205,170,26,817.29,Processing,2024-01-24
206,10,30,106.3,Cancelled,2022-11-20
207,83,8,970.78,Cancelled,2022-12-29
208,132,1,664.51,Processing,2023-12-23
209,119,27,73.12,Processing,2024-04-24
210,93,40,761.31,Processing,2024-02-06
211,114,49,70.58,Cancelled,2023-11-20
212,141,9,929.12,Cancelled,2022-12-13
213,179,32,139.0,Processing,2023-10-16
214,156,16,715.59,Cancelled,2024-04-20
215,142,1,561.21,Completed,2024-03-23
216,58,8,472.22,Completed,2024-01-18
217,166,10,508.41,Processing,2024-09-30
218,75,33,711.3,Cancelled,2024-06-09
219,124,31,258.86,Processing,2024-04-06
220,38,25,206.8,Processing,2023-05-17
221,131,48,881.74,Completed,2023-09-02
222,71,50,794.21,Cancelled,2024-01-21
223,88,33,281.83,Completed,2024-07-25
224,73,47,312.58,Processing,2023-06-08
225,149,43,499.85,Completed,2023-04-25
226,115,35,494.65,Cancelled,2023-11-18
227,142,49,552.56,Cancelled,2023-12-26
228,83,13,981.16,Completed,2024-02-02
229,147,25,248.89,Cancelled,2023-07-07
230,12,21,749.81,Processing,2024-09-25
231,98,25,988.65,Processing,2023-01-14
232,39,32,965.53,Completed,2024-01-26
233,129,38,345.35,Completed,2023-12-17
234,113,7,535.43,Cancelled,2023-10-26
235,4,47,161.27,Processing,2023-11-13
236,40,5,480.1,Cancelled,2024-04-24
237,87,40,698.85,Processing,2024-02-08
238,21,22,855.29,Processing,2023-10-27
239,98,21,634.26,Cancelled,2023-10-23
240,139,3,625.11,Completed,2024-06-24
241,162,44,922.51,Completed,2023-02-22
242,192,6,445.29,Completed,2024-08-22
243,195,41,709.81,Completed,2024-01-22
244,114,11,700.12,Completed,2023-04-04
245,12,21,800.22,Cancelled,2024-04-08
246,92,24,442.07,Completed,2023-05-19
247,136,27,574.61,Completed,2023-03-05
248,44,12,97.39,Cancelled,2022-10-07
249,159,44,256.01,Processing,2023-01-05
250,37,15,471.93,Cancelled,2022-10-24
251,118,17,673.5,Cancelled,2023-10-02
252,74,44,555.67,Completed,2024-02-03
253,114,23,987.9,Cancelled,2024-06-15
254,164,28,696.51,Cancelled,2023-01-05
255,78,13,999.39,Cancelled,2024-04-30
256,28,16,393.74,Cancelled,2024-07-25
257,148,19,992.84,Cancelled,2023-03-16
258,6,43,407.89,Completed,2024-06-18
259,145,44,782.75,Completed,2024-01-26
260,156,48,506.79,Cancelled,2023-08-24
261,199,15,614.92,Cancelled,2023-08-23
262,57,41,206.33,Cancelled,2022-11-10
263,174,49,726.51,Processing,2023-06-22
264,175,9,635.68,Processing,2023-07-04
265,166,3,322.75,Cancelled,2023-12-15
266,9,38,377.56,Completed,2024-06-23
267,24,19,340.18,Cancelled,2024-02-13
268,45,13,149.52,Processing,2023-03-19
269,94,34,511.76,Cancelled,2022-10-14
270,43,17,915.77,Cancelled,2024-02-15
271,76,48,872.99,Completed,2023-03-11
272,120,5,157.94,Completed,2024-03-24
273,174,47,680.92,Cancelled,2023-05-12
274,143,24,108.5,Cancelled,2023-04-21
275,4,17,545.84,Cancelled,2024-06-10
276,95,44,754.03,Cancelled,2022-11-27
277,150,25,825.97,Cancelled,2023-06-02
278,28,44,249.15,Completed,2023-05-27
279,159,36,341.45,Processing,2023-11-03
280,57,42,81.95,Cancelled,2023-12-07
281,180,20,656.25,Completed,2023-06-14
282,36,3,947.34,Cancelled,2024-05-23
283,127,8,115.25,Processing,2022-10-10
284,35,25,464.57,Processing,2023-01-02
285,191,45,947.05,Cancelled,2024-03-21
286,151,48,732.07,Cancelled,2023-06-21
287,168,7,837.02,Processing,2023-06-28
288,105,18,52.06,Cancelled,2023-08-09
289,56,29,455.8,Completed,2024-04-20
290,93,7,981.31,Cancelled,2023-12-21
291,140,42,371.5,Cancelled,2024-01-27
292,71,13,968.84,Cancelled,2022-10-28
293,24,43,227.86,Processing,2024-07-13
294,153,2,69.57,Cancelled,2023-02-19
295,63,9,791.24,Completed,2023-03-05
296,18,49,563.12,Processing,2023-06-19
297,56,15,341.99,Completed,2024-07-14
298,153,1,291.73,Completed,2023-06-25
299,34,35,265.64,Completed,2024-09-21
300,29,43,869.12,Completed,2024-03-11
301,4,23,794.18,Completed,2023-10-13
302,151,21,35.47,Cancelled,2024-09-16
303,14,9,746.88,Processing,2023-10-09
304,30,48,82.29,Cancelled,2024-06-16
305,200,24,522.97,Completed,2022-11-02
306,116,33,237.12,Processing,2024-02-19
307,12,47,787.56,Processing,2023-01-19
308,134,20,468.88,Completed,2023-10-14
309,16,31,850.35,Cancelled,2023-02-03
310,176,7,500.46,Cancelled,2024-02-05
311,19,6,335.67,Completed,2023-09-28
312,17,9,289.52,Processing,2024-08-28
313,150,36,717.91,Cancelled,2024-08-08
314,153,34,309.0,Processing,2023-11-27
315,155,28,117.19,Processing,2024-08-31
316,30,42,657.9,Processing,2023-06-23
317,185,14,441.47,Completed,2023-09-30
318,106,22,830.87,Cancelled,2024-06-05
319,107,47,113.18,Cancelled,2024-06-29
320,81,43,269.79,Completed,2023-08-23
321,176,31,85.79,Completed,2024-09-25
322,24,28,114.63,Processing,2024-05-04
323,96,9,565.24,Processing,2022-11-18
324,144,36,343.05,Completed,2024-07-15
325,106,23,876.14,Cancelled,2023-11-14
326,185,4,969.03,Processing,2023-05-26
327,80,23,121.53,Processing,2023-12-18
328,55,10,663.6,Completed,2024-04-21
329,28,23,848.47,Cancelled,2024-03-15
330,30,49,293.0,Completed,2023-06-08
331,110,36,975.06,Processing,2023-12-11
332,158,44,649.85,Completed,2023-11-26
333,156,43,832.87,Cancelled,2022-10-20
334,8,12,287.8,Cancelled,2023-03-16
335,87,23,25.98,Completed,2023-12-28
336,145,43,412.77,Completed,2024-03-21
337,190,41,972.37,Completed,2023-06-20
338,192,34,230.83,Cancelled,2024-06-18
339,117,22,174.26,Cancelled,2024-09-16
340,185,21,781.3,Processing,2024-08-25
341,153,6,885.68,Completed,2024-06-15
342,41,49,625.48,Processing,2023-07-07
343,21,18,454.25,Cancelled,2022-11-26
344,125,39,453.2,Cancelled,2023-01-29
345,56,49,522.1,Cancelled,2023-05-11
346,111,8,297.58,Processing,2024-07-20
347,152,32,536.4,Cancelled,2022-10-30
348,12,15,407.36,Processing,2023-06-26
349,15,1,220.33,Completed,2023-07-24
350,197,9,768.88,Cancelled,2024-02-04
351,84,8,27.58,Processing,2023-11-24
352,111,12,146.6,Processing,2024-07-21
353,181,15,510.26,Processing,2023-02-11
354,91,5,409.13,Processing,2023-12-23
355,11,28,38.37,Completed,2024-01-19
356,81,37,440.7,Cancelled,2023-08-04
357,182,41,429.34,Completed,2023-02-28
358,104,2,966.88,Completed,2024-01-11
359,159,30,835.39,Cancelled,2023-01-04
360,23,28,847.59,Completed,2024-08-07
361,112,38,412.44,Completed,2024-06-04
362,102,20,750.89,Completed,2024-05-11
363,86,50,184.77,Processing,2023-06-02
364,163,8,539.99,Completed,2024-04-05
365,199,23,364.08,Processing,2024-08-02
366,38,16,120.75,Cancelled,2023-06-07
367,51,12,610.35,Processing,2024-04-09
368,20,12,952.27,Processing,2022-10-30
369,127,30,759.36,Processing,2023-05-04
370,115,44,925.67,Processing,2023-08-23
371,165,41,986.8,Cancelled,2022-12-12
372,161,21,167.94,Completed,2023-10-27
373,121,29,638.76,Cancelled,2024-08-17
374,152,4,364.9,Completed,2023-04-08
375,80,30,462.88,Completed,2023-07-21
376,95,19,95.2,Completed,2023-09-22
377,158,39,516.93,Cancelled,2024-07-11
378,149,36,955.15,Processing,2023-05-29
379,11,29,910.87,Processing,2023-03-22
380,167,13,335.1,Cancelled,2023-11-17
381,129,10,958.57,Cancelled,2023-05-28
382,27,22,982.74,Completed,2023-02-18
383,130,42,189.11,Completed,2023-01-01
384,182,29,991.17,Processing,2023-07-23
385,134,40,175.57,Cancelled,2024-06-06
386,73,25,420.59,Cancelled,2022-11-04
387,174,39,71.32,Processing,2024-06-01
388,166,22,84.59,Completed,2023-03-11
389,143,44,398.83,Cancelled,2024-09-14
390,186,43,965.12,Processing,2022-12-16
391,39,22,99.87,Processing,2023-09-15
392,37,23,324.03,Processing,2023-11-03
393,179,43,404.12,Processing,2022-10-25
394,182,6,323.39,Cancelled,2024-06-17
395,165,22,816.92,Processing,2023-10-15
396,180,48,997.22,Processing,2024-09-07
397,24,42,677.05,Processing,2023-10-29
398,93,2,375.35,Completed,2023-02-02
399,55,22,948.71,Cancelled,2023-03-02
400,50,15,999.98,Completed,2023-06-27
401,20,19,847.54,Completed,2024-09-22
402,130,50,548.98,Processing,2023-10-16
403,135,3,668.69,Processing,2024-04-26
404,34,39,389.19,Completed,2024-08-14
405,47,45,775.68,Completed,2023-11-16
406,185,29,62.82,Cancelled,2023-06-04
407,174,47,252.78,Cancelled,2024-05-30
408,157,19,757.34,Cancelled,2023-06-17
409,60,35,254.39,Cancelled,2023-01-25
410,50,24,684.74,Processing,2024-05-25
411,113,30,774.05,Cancelled,2024-08-13
412,129,34,430.29,Completed,2022-12-21
413,52,39,155.63,Cancelled,2024-07-05
414,14,42,490.98,Cancelled,2024-10-03
415,142,7,717.17,Processing,2023-11-10
416,32,19,102.2,Completed,2024-03-14
417,70,29,907.2,Completed,2023-01-17
418,112,6,947.48,Completed,2023-03-14
419,116,23,931.86,Cancelled,2024-04-20
420,14,26,511.97,Completed,2022-11-03
421,99,6,387.41,Completed,2023-09-27
422,82,7,842.39,Processing,2023-08-03
423,86,10,154.85,Cancelled,2024-04-12
424,121,45,834.49,Processing,2024-08-07
425,121,29,623.04,Completed,2023-11-15
426,5,17,231.34,Completed,2023-01-03
427,141,47,616.7,Cancelled,2022-10-09
428,29,50,302.34,Cancelled,2023-06-04
429,32,4,253.67,Processing,2024-09-29
430,160,30,81.55,Cancelled,2022-11-09
431,153,35,36.11,Processing,2024-03-22
432,148,16,724.17,Cancelled,2024-07-25
433,110,1,622.51,Completed,2024-01-10
434,147,27,203.57,Processing,2024-08-13
435,22,34,975.16,Completed,2022-12-12
436,135,35,517.18,Processing,2023-06-21
437,142,2,402.64,Cancelled,2023-10-03
438,12,41,399.14,Cancelled,2024-08-26
439,65,48,35.92,Completed,2022-11-10
440,89,16,738.28,Processing,2022-12-25
441,27,50,590.27,Cancelled,2023-11-14
442,35,3,365.25,Cancelled,2024-05-23
443,165,12,833.78,Processing,2024-02-29
444,119,45,488.96,Completed,2024-05-07
445,35,5,721.72,Cancelled,2023-06-05
446,10,19,217.56,Completed,2022-10-23
447,11,21,934.7,Processing,2023-12-28
448,102,35,483.93,Completed,2024-05-17
449,193,42,207.28,Cancelled,2023-06-05
450,200,4,868.48,Cancelled,2024-02-14
451,70,8,803.36,Cancelled,2024-08-28
452,103,48,450.94,Cancelled,2023-03-17
453,87,12,506.28,Cancelled,2023-06-12
454,95,34,281.39,Completed,2023-03-10
455,187,28,97.35,Processing,2023-03-04
456,47,35,307.89,Completed,2023-05-16
457,21,21,667.7,Cancelled,2023-05-08
458,115,39,723.31,Completed,2023-11-23
459,177,29,364.52,Completed,2023-06-10
460,187,23,622.55,Cancelled,2024-05-28
461,71,41,980.43,Completed,2023-09-13
462,20,43,644.76,Cancelled,2024-03-10
463,132,48,685.82,Completed,2023-01-05
464,37,39,684.53,Cancelled,2023-05-05
465,9,9,85.89,Processing,2023-01-29
466,94,24,395.2,Processing,2023-02-05
467,9,39,170.37,Cancelled,2023-05-06
468,95,24,455.06,Completed,2023-01-02
469,147,9,538.87,Cancelled,2022-10-17
470,81,42,293.12,Completed,2024-02-01
471,7,48,202.33,Processing,2023-12-14
472,100,36,135.41,Cancelled,2023-11-09
473,181,29,230.28,Processing,2022-12-24
474,74,45,918.15,Cancelled,2023-03-15
475,52,8,153.01,Completed,2023-12-01
476,116,12,900.71,Cancelled,2023-07-05
477,23,44,968.21,Cancelled,2023-12-06
478,171,23,715.35,Processing,2023-06-10
479,139,19,893.51,Completed,2023-05-04
480,183,46,928.78,Processing,2023-01-23
481,45,24,518.58,Completed,2024-04-05
482,52,9,252.0,Cancelled,2024-06-21
483,7,24,562.94,Cancelled,2023-05-14
484,120,36,147.18,Completed,2023-12-25
485,17,20,410.2,Processing,2023-04-14
486,185,31,535.18,Cancelled,2023-02-16
487,148,5,142.82,Cancelled,2022-11-30
488,165,5,460.98,Processing,2023-06-04
489,133,23,145.77,Processing,2024-01-25
490,164,38,198.32,Completed,2024-08-29
491,111,33,912.5,Completed,2023-06-26
492,32,34,169.96,Completed,2023-11-29
493,42,21,936.04,Completed,2023-09-15
494,89,34,897.03,Completed,2022-11-14
495,65,13,642.36,Processing,2023-01-15
496,71,9,632.52,Processing,2022-10-28
497,137,6,512.52,Completed,2023-10-06
498,152,38,171.11,Processing,2024-09-06
499,160,47,903.96,Cancelled,2024-03-13
500,145,3,828.73,Completed,2022-11-14
501,21,3,949.58,Processing,2022-12-27
502,68,42,226.59,Processing,2023-07-30
503,107,40,646.21,Cancelled,2022-11-16
504,161,35,303.88,Cancelled,2022-12-11
505,124,16,808.59,Processing,2023-09-02
506,104,20,464.47,Processing,2023-08-06
507,16,11,450.81,Cancelled,2023-02-22
508,119,14,353.39,Completed,2024-04-05
509,81,46,332.93,Cancelled,2024-01-12
510,103,9,765.45,Processing,2024-08-28
511,144,7,332.73,Cancelled,2024-01-09
512,32,18,460.6,Completed,2024-02-06
513,25,4,304.41,Cancelled,2024-07-16
514,158,27,263.3,Completed,2024-03-25
515,84,37,726.71,Completed,2024-04-01
516,196,11,508.3,Processing,2023-09-17
517,120,32,881.49,Cancelled,2024-01-27
518,6,6,946.33,Processing,2023-07-09
519,118,16,230.84,Cancelled,2023-06-05
520,13,4,295.73,Processing,2023-06-21
521,168,44,481.18,Processing,2024-07-01
522,3,7,442.31,Cancelled,2023-03-08
523,187,24,768.58,Cancelled,2024-04-11
524,12,26,70.13,Processing,2024-05-17
525,50,24,562.16,Completed,2024-03-10
526,99,33,461.35,Processing,2024-06-25
527,72,40,686.79,Completed,2023-11-24
528,33,7,406.03,Cancelled,2022-12-06
529,143,24,759.87,Completed,2024-09-21
530,155,33,413.36,Completed,2024-05-15
531,12,3,154.3,Cancelled,2024-05-21
532,122,34,467.85,Processing,2023-10-02
533,132,9,341.41,Processing,2023-12-21
534,82,11,405.1,Processing,2023-01-16
535,190,20,601.85,Processing,2022-12-17
536,131,35,500.05,Processing,2024-06-28
537,77,31,819.43,Cancelled,2024-06-20
538,85,44,127.41,Cancelled,2024-09-19
539,150,20,800.82,Processing,2024-03-31
540,177,41,46.11,Cancelled,2023-10-04
541,68,42,787.25,Processing,2022-12-20
542,148,15,726.97,Processing,2023-09-24
543,123,11,533.75,Processing,2023-06-04
544,159,50,844.34,Completed,2024-03-20
545,175,16,50.94,Processing,2024-02-18
546,29,13,38.56,Cancelled,2024-04-09
547,108,10,424.7,Completed,2024-05-23
548,106,33,779.47,Cancelled,2023-10-02
549,189,47,81.04,Completed,2023-10-06
550,133,14,569.67,Processing,2023-04-03
551,123,34,389.29,Completed,2023-03-28
552,118,35,355.48,Cancelled,2023-01-25
553,174,50,870.3,Processing,2024-08-04
554,165,45,279.07,Cancelled,2024-08-31
555,50,16,293.43,Cancelled,2024-01-28
556,58,20,775.75,Processing,2023-04-24
557,54,45,710.89,Cancelled,2024-09-14
558,123,23,569.28,Processing,2023-07-15
559,71,19,139.44,Processing,2023-08-06
560,140,25,897.85,Cancelled,2023-02-25
561,89,50,808.52,Cancelled,2024-04-01
562,11,19,956.21,Completed,2024-09-17
563,89,29,662.85,Processing,2024-03-05
564,123,14,218.03,Processing,2023-06-19
565,70,36,702.25,Completed,2024-06-09
566,28,40,746.07,Completed,2024-08-04
567,63,4,676.44,Processing,2024-08-21
568,58,41,248.18,Completed,2023-06-15
569,106,22,723.01,Completed,2023-09-23
570,175,50,154.72,Processing,2023-10-19
571,41,27,659.83,Cancelled,2022-10-29
572,123,42,215.47,Cancelled,2022-11-25
573,83,19,652.98,Completed,2023-10-10
574,167,37,247.58,Processing,2023-01-01
575,186,3,914.97,Completed,2023-07-05
576,107,12,935.24,Completed,2023-10-12
577,102,32,202.59,Processing,2023-09-29
578,75,3,29.08,Processing,2024-07-23
579,155,7,929.89,Cancelled,2023-02-15
580,73,30,989.32,Processing,2023-05-13
581,135,32,891.47,Completed,2024-05-24
582,130,30,287.38,Completed,2023-07-03
583,85,11,736.5,Processing,2024-01-18
584,66,46,202.48,Processing,2023-12-26
585,87,19,576.43,Completed,2023-01-12
586,45,40,859.02,Cancelled,2023-11-04
587,110,33,341.37,Cancelled,2022-12-24
588,172,7,201.09,Completed,2023-08-17
589,123,21,937.11,Completed,2024-07-02
590,67,25,250.81,Cancelled,2024-04-12
591,85,20,590.81,Processing,2024-06-15
592,3,17,660.61,Processing,2022-12-28
593,61,4,674.43,Cancelled,2023-06-16
594,79,11,417.31,Processing,2023-12-11
595,181,50,324.76,Completed,2024-02-22
596,164,19,380.19,Completed,2022-11-30
597,57,9,488.62,Cancelled,2024-06-12
598,192,39,386.15,Processing,2023-05-28
599,141,31,762.2,Processing,2023-11-23
600,56,49,262.52,Processing,2023-09-29
601,21,34,457.81,Processing,2023-08-13
602,93,5,918.9,Completed,2024-01-07
603,16,36,904.83,Completed,2023-08-23
604,147,35,166.86,Cancelled,2023-04-09
605,134,29,133.92,Completed,2024-01-31
606,184,38,499.05,Processing,2023-04-13
607,115,4,464.36,Processing,2023-12-05
608,107,30,572.63,Processing,2023-02-06
609,119,44,810.78,Processing,2023-10-15
610,6,26,269.37,Completed,2023-07-31
611,191,14,586.75,Completed,2022-11-26
612,109,23,706.38,Processing,2023-06-27
613,16,5,986.41,Cancelled,2023-03-16
614,9,19,420.69,Completed,2024-06-29
615,197,42,978.77,Processing,2024-03-28
616,108,24,993.0,Cancelled,2024-01-08
617,115,25,388.13,Processing,2023-09-05
618,170,35,150.33,Cancelled,2024-06-06
619,31,12,992.99,Cancelled,2023-09-09
620,136,9,733.3,Completed,2023-12-20
621,1,49,42.28,Cancelled,2024-06-08
622,119,44,724.71,Cancelled,2023-06-28
623,137,25,826.89,Completed,2023-12-02
624,118,23,172.02,Completed,2024-03-28
625,186,49,130.59,Processing,2023-04-07
626,108,40,770.73,Completed,2023-02-17
627,62,14,85.95,Processing,2024-03-03
628,9,29,605.83,Processing,2024-03-09
629,13,16,745.73,Cancelled,2022-12-05
630,113,15,548.96,Completed,2024-05-02
631,36,33,993.61,Completed,2024-09-28
632,188,37,332.53,Processing,2024-04-10
633,198,44,822.01,Completed,2023-12-25
634,78,10,985.98,Processing,2024-07-16
635,57,27,314.49,Completed,2023-10-18
636,143,38,882.12,Completed,2023-01-02
637,161,44,438.66,Cancelled,2024-01-08
638,13,23,942.75,Processing,2024-01-11
639,98,34,332.36,Cancelled,2023-09-30
640,105,10,313.89,Completed,2023-06-15
641,194,35,484.05,Completed,2023-12-11
642,77,46,161.46,Cancelled,2022-12-20
643,15,36,424.42,Cancelled,2024-07-05
644,143,34,151.41,Completed,2023-09-16
645,66,14,343.66,Completed,2023-02-19
646,116,24,110.61,Processing,2023-06-02
647,49,4,283.09,Processing,2023-08-17
648,155,39,58.76,Completed,2022-11-29
649,49,49,595.83,Processing,2024-01-13
650,144,14,489.81,Cancelled,2022-12-29
651,78,1,227.57,Completed,2024-03-21
652,190,8,751.94,Cancelled,2024-06-29
653,63,45,612.31,Completed,2024-01-12
654,102,16,561.04,Cancelled,2024-05-27
655,98,30,542.98,Cancelled,2024-07-03
656,79,17,372.45,Cancelled,2023-07-27
657,120,7,806.76,Processing,2023-06-17
658,121,49,842.94,Completed,2023-10-24
659,95,21,425.65,Processing,2024-02-18
660,57,48,163.0,Cancelled,2024-03-01
661,142,38,587.56,Cancelled,2022-11-22
662,76,10,212.27,Completed,2022-12-15
663,98,37,836.7,Cancelled,2023-03-24
664,141,42,944.6,Cancelled,2024-07-01
665,66,49,825.16,Processing,2023-01-21
666,165,48,500.78,Completed,2024-08-25
667,188,23,185.88,Processing,2023-12-31
668,140,32,200.37,Processing,2024-09-06
669,165,4,533.47,Completed,2024-05-14
670,172,4,769.05,Cancelled,2024-02-12
671,36,41,246.8,Processing,2024-06-26
672,39,1,234.35,Cancelled,2022-10-06
673,96,4,625.48,Processing,2024-05-16
674,158,31,666.1,Completed,2023-01-27
675,2,35,560.61,Completed,2024-03-02
676,5,34,727.75,Processing,2023-01-29
677,74,2,512.17,Processing,2023-09-22
678,173,28,810.04,Completed,2023-11-22
679,28,7,533.9,Completed,2023-05-20
680,50,40,535.93,Cancelled,2023-08-04
681,69,26,97.44,Cancelled,2024-01-27
682,118,37,258.34,Processing,2023-12-28
683,58,20,690.36,Completed,2023-09-18
684,168,42,764.39,Completed,2023-03-06
685,104,25,389.63,Cancelled,2023-03-14
686,15,41,29.26,Completed,2024-03-18
687,22,32,848.42,Processing,2024-08-17
688,85,37,977.78,Completed,2023-06-08
689,136,3,245.17,Processing,2023-05-26
690,146,31,285.67,Completed,2023-12-22
691,176,18,901.33,Processing,2024-06-13
692,169,3,195.77,Cancelled,2024-09-14
693,5,14,595.3,Processing,2024-03-16
694,102,5,313.29,Processing,2023-05-30
695,62,37,837.96,Cancelled,2024-09-18
696,174,35,345.1,Processing,2024-10-02
697,36,45,729.68,Processing,2023-09-08
698,191,23,72.62,Cancelled,2024-04-15
699,60,5,353.78,Processing,2024-09-15
700,153,26,969.54,Cancelled,2023-06-30
701,8,41,287.86,Cancelled,2022-12-14
702,126,15,368.69,Cancelled,2024-01-01
703,111,12,686.1,Processing,2022-10-12
704,98,6,776.72,Cancelled,2024-01-23
705,64,46,92.04,Cancelled,2023-11-06
706,40,25,717.44,Processing,2023-08-15
707,40,48,401.83,Cancelled,2024-07-25
708,28,6,25.09,Cancelled,2023-01-13
709,114,24,766.12,Completed,2024-07-29
710,34,6,203.64,Cancelled,2023-05-22
711,143,36,522.19,Completed,2022-11-23
712,7,6,366.84,Completed,2023-07-19
713,153,39,788.75,Cancelled,2024-09-04
714,4,19,425.53,Completed,2023-12-06
715,186,36,907.1,Completed,2022-11-16
716,147,34,186.19,Cancelled,2022-10-06
717,44,9,283.54,Cancelled,2024-04-04
718,127,10,82.0,Cancelled,2023-12-14
719,71,27,313.76,Completed,2024-07-04
720,93,17,945.34,Processing,2023-07-12
721,161,32,601.93,Completed,2022-12-30
722,118,7,152.78,Completed,2024-08-04
723,102,22,844.78,Cancelled,2023-05-13
724,85,29,348.04,Processing,2024-08-08
725,153,9,314.43,Processing,2022-10-30
726,178,13,489.43,Completed,2023-04-06
727,102,21,305.62,Processing,2023-09-06
728,163,32,968.41,Completed,2024-04-03
729,84,25,294.69,Cancelled,2024-01-07
730,94,8,933.43,Completed,2023-08-08
731,152,35,196.33,Processing,2024-02-03
732,7,47,472.39,Processing,2023-06-10
733,54,29,801.73,Processing,2024-04-10
734,18,27,679.52,Completed,2023-07-30
735,163,20,257.18,Processing,2023-08-17
736,40,46,434.67,Cancelled,2023-07-29
737,19,29,990.89,Cancelled,2023-09-09
738,150,26,543.68,Processing,2023-12-03
739,108,35,56.03,Cancelled,2023-03-19
740,180,35,601.94,Completed,2024-03-03
741,28,50,263.27,Processing,2023-02-17
742,91,11,654.06,Completed,2023-10-09
743,145,42,683.92,Cancelled,2023-01-22
744,193,22,966.4,Cancelled,2023-03-01
745,28,1,116.63,Completed,2023-12-11
746,131,48,528.42,Processing,2023-07-31
747,177,37,236.61,Cancelled,2024-07-22
748,101,30,776.9,Processing,2024-09-23
749,177,33,167.73,Completed,2023-07-12
750,124,7,309.52,Completed,2024-07-19
751,30,47,158.84,Cancelled,2023-08-26
752,88,30,788.58,Processing,2023-02-02
753,124,23,486.64,Cancelled,2023-05-18
754,185,45,463.4,Completed,2024-08-13
755,77,3,813.98,Completed,2024-03-09
756,6,22,655.01,Processing,2023-01-11
757,43,48,259.03,Completed,2023-01-18
758,142,11,344.37,Cancelled,2022-10-15
759,119,15,801.8,Processing,2022-11-30
760,48,12,647.67,Cancelled,2024-02-21
761,102,2,742.64,Completed,2022-10-18
762,116,38,440.96,Completed,2023-01-25
763,181,14,221.67,Processing,2024-04-18
764,17,37,119.72,Processing,2024-08-23
765,48,24,339.47,Cancelled,2023-10-19
766,30,17,677.29,Cancelled,2024-02-29
767,136,41,327.14,Cancelled,2023-09-10
768,157,26,595.26,Cancelled,2023-01-19
769,91,30,625.02,Processing,2022-12-10
770,181,20,920.31,Processing,2023-01-20
771,22,44,151.27,Completed,2024-02-16
772,62,20,134.61,Cancelled,2024-06-22
773,178,10,520.61,Cancelled,2023-08-25
774,153,9,583.31,Cancelled,2024-08-04
775,48,32,642.79,Processing,2023-09-25
776,166,12,563.81,Cancelled,2024-08-30
777,74,9,203.36,Cancelled,2024-06-09
778,159,4,868.21,Completed,2024-03-29
779,125,9,211.23,Cancelled,2024-01-18
780,144,33,660.01,Cancelled,2024-09-27
781,176,32,427.32,Cancelled,2023-09-01
782,126,11,101.02,Completed,2024-02-02
783,195,15,306.25,Cancelled,2023-02-22
784,58,35,302.9,Cancelled,2023-09-23
785,145,48,777.1,Cancelled,2023-11-05
786,141,33,130.95,Completed,2023-08-31
787,69,50,552.24,Cancelled,2023-12-08
788,139,49,60.78,Processing,2024-07-03
789,113,35,234.17,Cancelled,2023-09-20
790,27,48,833.47,Completed,2023-07-31
791,77,3,460.74,Cancelled,2023-07-08
792,23,29,867.98,Completed,2023-03-30
793,199,16,225.68,Processing,2023-02-27
794,151,45,363.62,Processing,2023-08-31
795,157,41,439.6,Processing,2024-01-18
796,36,14,817.26,Completed,2022-10-11
797,146,23,541.64,Processing,2023-12-28
798,138,11,337.18,Processing,2023-10-27
799,75,19,581.28,Processing,2024-07-24
800,174,7,152.88,Cancelled,2024-04-25
801,16,18,869.71,Completed,2023-04-07
802,180,9,264.68,Processing,2024-04-11
803,83,16,766.24,Processing,2023-10-30
804,101,32,159.33,Processing,2023-05-03
805,69,41,425.94,Cancelled,2023-08-21
806,20,41,798.71,Completed,2024-09-24
807,104,33,754.81,Processing,2023-12-04
808,95,30,951.25,Cancelled,2023-12-27
809,149,1,871.53,Processing,2023-07-18
810,24,47,972.71,Processing,2022-10-31
811,171,45,371.06,Completed,2022-11-04
812,137,26,233.47,Cancelled,2023-12-21
813,55,32,283.17,Cancelled,2023-10-16
814,87,36,586.37,Processing,2024-04-05
815,125,22,896.27,Completed,2023-07-19
816,12,7,633.66,Cancelled,2023-01-01
817,5,8,930.84,Completed,2023-12-30
818,113,30,20.66,Cancelled,2023-10-15
819,52,45,911.22,Processing,2024-03-25
820,78,11,876.93,Cancelled,2022-12-07
821,24,42,373.23,Completed,2023-01-24
822,96,43,905.72,Completed,2024-04-25
823,14,26,633.09,Processing,2024-04-26
824,180,49,249.46,Processing,2023-11-18
825,24,46,113.28,Completed,2024-08-03
826,123,5,150.05,Completed,2024-05-10
827,133,44,456.17,Completed,2024-06-01
828,179,22,820.77,Cancelled,2023-05-11
829,178,9,488.15,Completed,2023-10-02
830,99,6,736.15,Completed,2023-11-11
831,27,21,380.21,Cancelled,2022-12-05
832,36,25,777.99,Completed,2023-11-16
833,165,44,160.0,Processing,2024-08-27
834,145,1,618.11,Completed,2024-01-22
835,113,23,727.98,Processing,2022-12-13
836,192,10,921.5,Processing,2023-04-14
837,176,29,862.76,Completed,2023-10-07
838,26,9,757.4,Processing,2024-02-07
839,187,25,364.5,Cancelled,2024-05-04
840,81,9,262.83,Processing,2024-03-04
841,22,16,562.33,Processing,2024-03-08
842,185,39,299.22,Processing,2022-12-05
843,7,43,878.31,Completed,2024-03-20
844,133,39,519.33,Processing,2024-02-10
845,101,19,653.25,Completed,2023-11-28
846,127,25,130.49,Cancelled,2024-06-16
847,164,39,89.59,Completed,2023-12-30
848,93,21,149.34,Processing,2023-06-05
849,108,24,555.43,Completed,2024-01-25
850,196,31,955.36,Completed,2022-11-15
851,5,38,86.18,Cancelled,2024-09-06
852,56,3,924.13,Cancelled,2023-06-29
853,130,19,636.0,Processing,2023-11-25
854,197,27,435.1,Cancelled,2024-06-01
855,22,41,545.83,Processing,2022-10-14
856,40,18,101.93,Completed,2023-10-05
857,131,14,974.83,Completed,2023-09-23
858,138,21,402.92,Processing,2023-11-08
859,196,42,687.43,Completed,2024-09-08
860,80,45,448.74,Completed,2023-10-05
861,15,16,104.49,Cancelled,2023-12-25
862,30,30,620.05,Completed,2024-04-27
863,80,43,746.86,Processing,2023-06-20
864,45,8,32.41,Completed,2023-08-29
865,180,1,180.56,Cancelled,2023-07-07
866,134,34,787.33,Processing,2024-06-16
867,67,11,384.43,Processing,2023-05-22
868,200,18,738.28,Completed,2023-05-18
869,198,2,348.31,Cancelled,2023-02-13
870,70,34,82.59,Processing,2022-11-02
871,148,41,95.53,Cancelled,2024-03-28
872,131,24,74.33,Processing,2024-09-21
873,43,24,174.16,Completed,2024-01-13
874,147,44,728.32,Completed,2024-05-10
875,190,33,22.52,Completed,2023-05-30
876,63,3,482.33,Cancelled,2024-04-22
877,39,12,932.54,Completed,2024-06-06
878,142,46,745.85,Cancelled,2023-12-17
879,58,21,263.3,Processing,2023-04-26
880,82,18,829.48,Processing,2022-11-22
881,96,8,512.0,Completed,2024-02-06
882,46,15,808.25,Completed,2023-10-08
883,103,5,879.45,Cancelled,2023-12-29
884,199,20,340.75,Processing,2023-02-14
885,117,1,381.54,Cancelled,2023-12-24
886,145,20,744.78,Completed,2022-11-15
887,119,24,599.86,Cancelled,2024-02-27
888,198,50,211.51,Processing,2023-05-20
889,195,16,167.56,Cancelled,2024-06-25
890,7,15,550.71,Processing,2024-04-30
891,178,1,951.97,Completed,2024-02-02
892,195,43,388.75,Processing,2022-10-27
893,187,20,121.87,Processing,2023-05-16
894,61,27,502.19,Completed,2023-10-17
895,37,46,294.23,Completed,2022-12-09
896,60,34,424.8,Cancelled,2023-01-12
897,118,48,103.2,Completed,2023-11-02
898,130,9,644.47,Cancelled,2022-12-04
899,20,38,576.46,Cancelled,2024-07-28
900,170,9,252.04,Cancelled,2024-06-05
901,81,26,706.71,Processing,2023-05-09
902,84,21,463.7,Completed,2023-04-19
903,20,13,153.39,Processing,2023-01-16
904,28,10,123.54,Cancelled,2024-01-27
905,120,21,418.38,Processing,2023-05-12
906,92,50,223.48,Cancelled,2023-05-07
907,119,17,855.43,Completed,2024-08-02
908,41,44,318.13,Processing,2023-04-23
909,179,39,59.52,Cancelled,2022-10-17
910,38,6,716.93,Cancelled,2024-05-03
911,102,33,67.97,Cancelled,2022-12-31
912,67,12,50.46,Cancelled,2024-01-18
913,116,36,753.12,Completed,2023-02-18
914,25,30,119.87,Completed,2024-09-11
915,32,1,80.44,Completed,2024-01-08
916,34,13,827.2,Cancelled,2024-05-01
917,176,41,938.82,Completed,2023-01-31
918,150,38,273.64,Completed,2024-02-29
919,6,5,213.8,Processing,2023-09-17
920,114,9,110.14,Cancelled,2023-07-20
921,32,3,943.44,Completed,2024-06-24
922,44,37,444.49,Processing,2023-02-19
923,102,32,48.89,Processing,2023-04-26
924,110,12,366.86,Completed,2024-06-04
925,71,18,457.09,Completed,2024-04-02
926,9,40,626.79,Completed,2023-04-07
927,166,19,508.91,Processing,2023-10-17
928,123,4,105.97,Cancelled,2023-02-23
929,36,27,215.47,Processing,2024-06-17
930,64,41,994.21,Processing,2023-11-19
931,5,25,786.28,Cancelled,2024-08-05
932,123,35,785.81,Cancelled,2022-10-31
933,145,33,335.17,Cancelled,2023-06-29
934,47,2,332.5,Completed,2022-12-10
935,8,50,295.31,Cancelled,2023-01-26
936,136,23,771.51,Completed,2024-01-11
937,41,7,262.9,Completed,2024-09-30
938,69,35,819.96,Processing,2024-07-05
939,15,49,996.46,Completed,2023-02-02
940,148,25,367.71,Completed,2024-07-17
941,46,16,600.67,Processing,2023-10-26
942,179,23,915.7,Completed,2024-05-12
943,181,45,364.65,Processing,2023-08-22
944,145,10,571.85,Completed,2024-05-26
945,127,35,322.87,Cancelled,2023-07-30
946,10,6,75.04,Processing,2023-04-08
947,57,2,535.92,Completed,2024-03-02
948,85,40,217.44,Completed,2023-09-12
949,88,46,193.91,Cancelled,2024-04-21
950,16,2,164.76,Processing,2024-02-13
951,37,50,128.7,Processing,2023-02-12
952,94,5,386.12,Processing,2023-03-18
953,102,38,119.01,Cancelled,2023-12-28
954,83,9,976.34,Processing,2024-04-28
955,112,41,961.45,Processing,2024-07-20
956,82,12,713.04,Processing,2023-07-01
957,178,40,791.25,Completed,2022-11-17
958,171,38,818.17,Cancelled,2024-02-16
959,79,47,694.73,Completed,2023-04-29
960,46,47,21.76,Processing,2024-05-14
961,147,26,853.74,Processing,2024-07-03
962,9,12,610.34,Processing,2023-01-04
963,57,41,574.24,Cancelled,2022-11-15
964,37,22,750.44,Completed,2023-02-13
965,89,21,184.53,Completed,2023-10-01
966,182,43,646.32,Cancelled,2023-08-11
967,115,1,279.91,Completed,2023-10-10
968,178,5,363.47,Completed,2023-05-28
969,185,1,67.18,Cancelled,2023-10-10
970,188,27,969.72,Cancelled,2024-05-07
971,127,25,364.21,Cancelled,2024-05-12
972,26,31,792.96,Processing,2024-09-21
973,167,49,693.42,Completed,2023-11-23
974,116,5,803.21,Completed,2023-04-05
975,76,2,332.34,Completed,2023-07-27
976,19,22,186.7,Cancelled,2024-03-19
977,42,47,93.5,Completed,2024-04-06
978,87,39,985.57,Cancelled,2023-08-04
979,181,2,442.7,Processing,2023-10-09
980,43,39,891.96,Completed,2023-04-27
981,14,7,344.47,Completed,2023-01-26
982,105,45,563.03,Processing,2023-11-22
983,139,17,667.39,Cancelled,2024-08-11
984,61,7,68.64,Processing,2023-09-08
985,141,32,170.52,Cancelled,2022-10-15
986,1,28,105.88,Processing,2023-05-18
987,161,39,490.72,Completed,2024-09-25
988,7,14,187.42,Cancelled,2024-06-16
989,21,31,846.89,Cancelled,2023-09-19
990,102,31,499.31,Processing,2023-07-29
991,68,6,649.03,Cancelled,2024-03-16
992,48,24,887.78,Cancelled,2023-06-08
993,48,29,63.72,Cancelled,2023-11-21
994,120,17,241.72,Cancelled,2024-03-19
995,145,4,168.11,Processing,2022-11-06
996,171,7,103.99,Cancelled,2022-12-20
997,139,27,971.29,Processing,2024-09-17
998,59,36,79.76,Cancelled,2023-11-22
999,134,27,966.32,Processing,2024-02-13
1000,122,37,884.02,Cancelled,2023-07-07
